{"RainScale":100.0,"RainForce":10.0,"CloudScale":76.656494140625,"CloudSpeed":100.0,"CloudPeekColor":{"r":0.0,"g":0.5759953260421753,"b":0.9359920620918274,"a":0.03529411926865578},"CloudValleyColor":{"r":0.7618666887283325,"g":1.0,"b":0.0,"a":0.0}}
