{"cameraMode":{"drawMode":0,"name":"Shaded","section":"Shading Mode"},"sceneLighting":true,"audioPlay":false,"sceneViewState":{"showFog":true,"showMaterialUpdate":true,"showSkybox":true,"showFlares":true,"showImageEffects":true,"showParticleSystems":true},"in2DMode":false,"pivot":{"x":496.9242248535156,"y":15.615453720092774,"z":60.24555206298828},"rotation":{"x":-0.15299397706985475,"y":-0.3582713305950165,"z":0.059870507568120959,"w":-0.9192360043525696},"size":130.28810119628907,"orthographic":false}