{"cameraMode":{"drawMode":0,"name":"Shaded","section":"Shading Mode"},"sceneLighting":false,"audioPlay":false,"sceneViewState":{"showFog":true,"showMaterialUpdate":true,"showSkybox":true,"showFlares":true,"showImageEffects":true,"showParticleSystems":true},"in2DMode":false,"pivot":{"x":374.2026062011719,"y":-121.21217346191406,"z":1159.479248046875},"rotation":{"x":0.1709587126970291,"y":-0.04253886640071869,"z":0.006965199951082468,"w":0.9845324754714966},"size":2641.2373046875,"orthographic":false}